<?xml version="1.0" encoding="UTF-8"?>
<!--
  Licensed under the Apache License, Version 2.0 (the "License");
  you may not use this file except in compliance with the License.
  You may obtain a copy of the License at

      http://www.apache.org/licenses/LICENSE-2.0

  Unless required by applicable law or agreed to in writing, software
  distributed under the License is distributed on an "AS IS" BASIS,
  WITHOUT WARRANTIES OR CONDITIONS OF ANY KIND, either express or implied.
  See the License for the specific language governing permissions and
  limitations under the License.

  Copyright 2007-2012  SOARS Project.
  <author> Hiroshi Deguchi(SOARS Project.)
  <author> Yasunari Ishizuka(PieCake.inc,)
-->
<project name="Dtalge" default="create" basedir=".">
	<property name="dist.dir" location="${basedir}/jar_dbg" />
	<property name="build.dir" location="${dist.dir}/classes" />
	<property name="src.dir" location="${basedir}/java" />
	<property name="doc.dir" location="${basedir}/doc" />

	<property name="title" value="Dtalge package" />
	<property name="version" value="0.40.20121116" />
	<property name="vendor" value="SOARS Project, PieCake,Inc." />
	
	<!--init property-->
	<target name="init" >
		<property name="dist.name" value="Dtalge" />
		<mkdir dir="${dist.dir}" />
	</target>

	<!--build classes-->
	<target name="mkclass" depends="init">
		<!-- create directories -->
		<mkdir dir="${build.dir}" />

		<!-- compile -->
		<javac destdir="${build.dir}" fork="yes" compiler="javac1.5" encoding="UTF8" source="1.5">
			<compilerarg line="-deprecation -g:lines,source" />
			<src path="${src.dir}" />
		</javac>
	</target>

	<!-- create -->
	<target name="create" depends="mkclass">
		<!-- create jar file -->
		<jar destfile="${dist.dir}/${dist.name}.jar" basedir="${build.dir}" >
			<manifest>
				<attribute name="Specification-Title" value="${title}" />
				<attribute name="Specification-Version" value="(dbg)${version}" />
				<attribute name="Specification-Vendor" value="${vendor}" />
				<attribute name="Implementation-Title" value="${title}" />
				<attribute name="Implementation-Version" value="(dbg)${version}" />
				<attribute name="Implementation-Vendor" value="${vendor}" />
			</manifest>
		</jar>
		
		<!-- create javadoc zip -->
		<zip destfile="${dist.dir}/${dist.name}-${version}-javadoc.zip">
			<fileset dir="${doc.dir}/javadoc" />
		</zip>
		
		<!-- create sources zip -->
		<zip destfile="${dist.dir}/${dist.name}-${version}-src.zip">
			<fileset dir="${basedir}/" >
				<include name="java/" />
				<include name="test/dtalge/" />
				<include name="testdata/dtalge/**/Illegal*" />
				<include name="testdata/dtalge/**/Normal*" />
				<include name="testdata/dtalge/**/v2_Illegal*" />
				<include name="testdata/dtalge/**/v2_Normal*" />
			</fileset>
			<fileset file="${basedir}/build_dbg.xml" />
			<fileset file="${basedir}/javadoc.xml" />
			<fileset file="${basedir}/Changes_ja.txt" />
			<fileset file="${basedir}/LICENSE" />
		</zip>
	</target>

	<!-- clean -->
	<target name="clean" depends="init">
		<delete dir="${build.dir}" />
		<delete>
			<fileset dir="${dist.dir}" includes="*.jar,*-src.zip,*-javadoc.zip"/>
		</delete>
	</target>

</project>
