<?xml version="1.0" encoding="UTF-8"?>
<!--
  Licensed under the Apache License, Version 2.0 (the "License");
  you may not use this file except in compliance with the License.
  You may obtain a copy of the License at

      http://www.apache.org/licenses/LICENSE-2.0

  Unless required by applicable law or agreed to in writing, software
  distributed under the License is distributed on an "AS IS" BASIS,
  WITHOUT WARRANTIES OR CONDITIONS OF ANY KIND, either express or implied.
  See the License for the specific language governing permissions and
  limitations under the License.

  Copyright 2007-2010  SOARS Project.
  <author> Hiroshi Deguchi(SOARS Project.)
  <author> Yasunari Ishizuka(PieCake.inc,)
-->
<project default="javadoc">
<target name="javadoc">
	<!-- delete all failes in doc/javadoc directory -->
	<mkdir dir="doc/javadoc" />
	<delete dir="doc/javadoc/" includes="**/*" includeEmptyDirs="true" />
	<!-- make javadoc -->
	<javadoc destdir="doc/javadoc" author="true"  use="true" version="true"
		nodeprecated="false" nodeprecatedlist="false" noindex="false"
		additionalparam="-encoding UTF-8 -charset UTF-8"
		access="public" source="1.5" nonavbar="false" notree="false" splitindex="true">

		<packageset dir="java" defaultexcludes="yes" >
			<include name="dtalge/**" />
			<exclude name="dtalge/**/internal/**" />
		</packageset>

		<link href="http://java.sun.com/j2se/1.5.0/ja/docs/ja/api/" />
		<doctitle>データ代数パッケージ</doctitle>
	</javadoc>
</target>
</project>
