<?xml version="1.0" encoding="UTF-8"?>
<!--
   ====================================================================
   Licensed to the Apache Software Foundation (ASF) under one or more
   contributor license agreements.  See the NOTICE file distributed with
   this work for additional information regarding copyright ownership.
   The ASF licenses this file to You under the Apache License, Version 2.0
   (the "License"); you may not use this file except in compliance with
   the License.  You may obtain a copy of the License at

       http://www.apache.org/licenses/LICENSE-2.0

   Unless required by applicable law or agreed to in writing, software
   distributed under the License is distributed on an "AS IS" BASIS,
   WITHOUT WARRANTIES OR CONDITIONS OF ANY KIND, either express or implied.
   See the License for the specific language governing permissions and
   limitations under the License.
   ====================================================================
-->
<!DOCTYPE document PUBLIC "-//APACHE//DTD Documentation V1.3//EN" "./dtd/document-v13.dtd">

<document>
  <header>
    <title>Mailing Lists</title>
    <authors>
      <person id="NB" name="Nick Burch" email="nick@apache.org"/>
    </authors>
  </header>
  
  <body>
    <section><title>Mailing Lists - Guidelines</title>
      <p>
        <strong>Before subscribing to any of the mailing lists, please make
        sure that you have read and understand the following 
        guidelines:</strong>
      </p>
      <ul>
        <li><link href="http://www.apache.org/foundation/mailinglists.html">ASF guide to Mailing Lists</link></li>
        <li><link href="http://www.apache.org/dev/contrib-email-tips.html">ASF Tips for email contributors</link></li>
        <li><link href="http://jakarta.apache.org/site/mail.html">The Jakarta guide to Mailing Lists</link></li>
      </ul>
    </section>
    <section><title>Lists</title>
      <section><title>The POI User List</title>
        <p>
          <strong>Medium Traffic</strong>
          <link href="mailto:user-subscribe@poi.apache.org">Subscribe</link>
          <link href="mailto:user-unsubscribe@poi.apache.org">Unsubscribe</link>
          <link href="http://mail-archives.apache.org/mod_mbox/poi-user/">Archive</link>
          <link href="http://news.gmane.org/thread.php?group=gmane.comp.jakarta.poi.user">gmane.org</link>
        </p>
        <p>
          This list is for users of POI to ask questions, share knowledge, 
          and discuss issues. POI developers are also expected to be 
          lurking on this list to offer support to users of POI.
        </p> 
      </section>
      <section><title>The POI Developer List</title>
        <p>
          <strong>Low Traffic</strong>
          <link href="mailto:dev-subscribe@poi.apache.org">Subscribe</link>
          <link href="mailto:dev-unsubscribe@poi.apache.org">Unsubscribe</link>
          <link href="http://mail-archives.apache.org/mod_mbox/poi-dev/">Archive</link>
          <link href="http://news.gmane.org/gmane.comp.jakarta.poi.devel">gmane.org</link>
        </p>
        <p>
          This is the list where participating developers of the POI 
          project meet and discuss issues, code changes/additions, etc. 
          Subscribers to this list also get notices of each and every 
          code change, build results, testing notices, etc. 
          <strong>Do not send mail to this list with usage questions or 
          configuration problems.</strong>
        </p> 
      </section>
      <section><title>The POI General List</title>
        <p>
          <strong>Low Traffic</strong>
          <link href="mailto:general-subscribe@poi.apache.org">Subscribe</link>
          <link href="mailto:general-unsubscribe@poi.apache.org">Unsubscribe</link>
          <link href="http://mail-archives.apache.org/mod_mbox/poi-general/">Archive</link>
        </p>
        <p>
          This list exists for general discussions on POI, not specific to
          code or problems with code. Used for discussion of general matters
          relating to all of the POI project, such as the website and
          changes in procedures.
        </p> 
      </section>
    </section>
    <section><title>IRC</title>
        <p>The #apache-poi channel on the <link href="https://webchat.freenode.net/">irc.freenode.net</link>
        IRC network is a good place for quick questions. If your questions require a more in-depth answer,
        you will likely be encouraged to move the question to the mailing list.
        </p>
    </section>
  </body>
  <footer>
    <legal>
      Copyright (c) @year@ The Apache Software Foundation. All rights reserved.
      <br />
      Apache POI, POI, Apache, the Apache feather logo, and the Apache 
      POI project logo are trademarks of The Apache Software Foundation.
    </legal>
  </footer>
</document>
