<?xml version="1.0" encoding="UTF-8"?>
<!--
   ====================================================================
   Licensed to the Apache Software Foundation (ASF) under one or more
   contributor license agreements.  See the NOTICE file distributed with
   this work for additional information regarding copyright ownership.
   The ASF licenses this file to You under the Apache License, Version 2.0
   (the "License"); you may not use this file except in compliance with
   the License.  You may obtain a copy of the License at

       http://www.apache.org/licenses/LICENSE-2.0

   Unless required by applicable law or agreed to in writing, software
   distributed under the License is distributed on an "AS IS" BASIS,
   WITHOUT WARRANTIES OR CONDITIONS OF ANY KIND, either express or implied.
   See the License for the specific language governing permissions and
   limitations under the License.
   ====================================================================
-->
<!DOCTYPE document PUBLIC "-//APACHE//DTD Documentation V1.3//EN" "./dtd/document-v13.dtd">

<document>
  <header>
    <title>Apache POI Mirror Site</title>
    <authors>
      <person id="AO" name="Andrew C. Oliver" email="acoliver@apache.org"/>
    </authors>
  </header>

  <body>
    <section><title>Mirrors</title>
        <p>
           These are mirrors of the
           <link href="http://poi.apache.org/">POI</link> website.
           If you know of others...report them! :-)
        </p>
    </section>
    <section><title>Austria</title>
      <ul>
       <li><link href="http://gd.tuwien.ac.at/infosys/servers/http/apache-jakarta-site/poi/index.html">Austrian Mirror of Jakarta POI</link></li>
      </ul>
    </section>
    <section><title>Korea</title>
      <ul>
      <li><link href="http://jakarta.ktech21.co.kr/">Jakarta site partially translated into Korean and Mirrored</link></li>
      </ul>
    </section>
  </body>
  <footer>
    <legal>
      Copyright (c) @year@ The Apache Software Foundation All rights reserved.
      <br />
      Apache POI, POI, Apache, the Apache feather logo, and the Apache 
      POI project logo are trademarks of The Apache Software Foundation.
    </legal>
  </footer>
</document>
