<?xml version="1.0"?>
<!--
   ====================================================================
   Licensed to the Apache Software Foundation (ASF) under one or more
   contributor license agreements.  See the NOTICE file distributed with
   this work for additional information regarding copyright ownership.
   The ASF licenses this file to You under the Apache License, Version 2.0
   (the "License"); you may not use this file except in compliance with
   the License.  You may obtain a copy of the License at

       http://www.apache.org/licenses/LICENSE-2.0

   Unless required by applicable law or agreed to in writing, software
   distributed under the License is distributed on an "AS IS" BASIS,
   WITHOUT WARRANTIES OR CONDITIONS OF ANY KIND, either express or implied.
   See the License for the specific language governing permissions and
   limitations under the License.
   ====================================================================
-->

<!--
Forrest site.xml

This file contains an outline of the site's information content.  It is used to:
- Generate the website menus (though these can be overridden - see docs)
- Provide semantic, location-independent aliases for internal 'site:' URIs, eg
<link href="site:changes"> links to changes.html (or ../changes.html if in
  subdir).
- Provide aliases for external URLs in the external-refs section.  Eg, <link
  href="ext:cocoon"> links to http://xml.apache.org/cocoon/

See http://xml.apache.org/forrest/linking.html for more info
-->

<site label="POI" href="" xmlns="http://apache.org/forrest/linkmap/1.0">

    <external-refs>
        <xml.apache.org href="http://xml.apache.org/">
            <forrest href="forrest/">
                <validation href="validation.html"/>
                <webapp href="your-project.html#webapp"/>
            </forrest>
            <cocoon href="cocoon/"/>
        </xml.apache.org>
        <junit href="junit/index.html"/>
        <jdepend href="jdepend/index.html"/>
        <javadoc href="apidocs/index.html"/>
	    <download href="http://www.apache.org/dyn/closer.lua/poi/"/>
    </external-refs>

</site>
