<?xml version="1.0" encoding="UTF-8"?>
<!--
   ====================================================================
   Licensed to the Apache Software Foundation (ASF) under one or more
   contributor license agreements.  See the NOTICE file distributed with
   this work for additional information regarding copyright ownership.
   The ASF licenses this file to You under the Apache License, Version 2.0
   (the "License"); you may not use this file except in compliance with
   the License.  You may obtain a copy of the License at

       http://www.apache.org/licenses/LICENSE-2.0

   Unless required by applicable law or agreed to in writing, software
   distributed under the License is distributed on an "AS IS" BASIS,
   WITHOUT WARRANTIES OR CONDITIONS OF ANY KIND, either express or implied.
   See the License for the specific language governing permissions and
   limitations under the License.
   ====================================================================
-->
<!DOCTYPE document PUBLIC "-//APACHE//DTD Documentation V1.3//EN" "../dtd/document-v13.dtd">

<document>
  <header>
    <title>Live Sites using Poi</title>
    <authors>
      <person name="Donald Ball" email="balld@webslingerZ.com"/>
      <person name="Stefano Mazzocchi" email="stefano@apache.org"/>
      <person name="Robin Green" email="greenrd@hotmail.com"/>
      <person name="Nicola Ken Barozzi" email="barozzi@nicolaken.com"/>
      <person name="Glen Stampoultzis" email="user@poi.apache.org"/>
      <person name="Rainer Klute" email="klute@rainer-klute.org"/>
    </authors>
  </header>

  <body>
    <section><title>References</title>

      <section><title>Live Sites using POI</title>
	<p>Currently we don't have any sites listed that use POI, but we're
	  sure they're out there. Help us change this. If you've written a site
	  that utilises POI let us know.</p>
	<!--
	<ul>
	  <li><link href=""></link></li>
	</ul>
	-->
      </section>

      <section><title>Products/Projects using POI</title>
	<p>Publically available products/projects using POI include:</p>
	<ul>
	  <li><link href="http://jtimetracker.sourceforge.net/">JTimeTracker</link></li>
	</ul> 
      </section>

      <section><title>File Format Descriptions</title>
	<p>POI depends on publically available documents describing various
	  file formats. The list below contains links to some of them.</p>
	<ul>
	  <li><link href="http://www.wotsit.org/">Wotsit's Format</link></li>
	</ul> 
      </section>

    </section>
  </body>
</document>
