<?xml version="1.0" encoding="UTF-8"?>
<!--
   ====================================================================
   Licensed to the Apache Software Foundation (ASF) under one or more
   contributor license agreements.  See the NOTICE file distributed with
   this work for additional information regarding copyright ownership.
   The ASF licenses this file to You under the Apache License, Version 2.0
   (the "License"); you may not use this file except in compliance with
   the License.  You may obtain a copy of the License at

       http://www.apache.org/licenses/LICENSE-2.0

   Unless required by applicable law or agreed to in writing, software
   distributed under the License is distributed on an "AS IS" BASIS,
   WITHOUT WARRANTIES OR CONDITIONS OF ANY KIND, either express or implied.
   See the License for the specific language governing permissions and
   limitations under the License.
   ====================================================================
-->
<!DOCTYPE document PUBLIC "-//APACHE//DTD Documentation V1.3//EN" "../dtd/document-v13.dtd">

<document>
    <header>
        <title>POI-HSMF - Java API To Access Microsoft Outlook MSG Files</title>
        <subtitle>Overview</subtitle>
        <authors>
            <person name="Nick Burch" email="nick at apache dot org"/>
            <person name="Travis Ferguson" email="uniformstupidity at gmail dot com"/>
        </authors>
    </header>

    <body>
        <section>
            <title>Overview</title>

            <p>HSMF is the POI Project's pure Java implementation of the Outlook MSG format.</p>
            <p>At this time, it provides low-level read access to all of the file, along
			    with a user-facing way to get at the common textual content of MSG files.
             to all</p>
            <p>There is an example MSG textual renderer, which shows how to access the
             common parts such as sender, subject, message body and examples. This is
             in the 
                <link href="http://svn.apache.org/viewcvs.cgi/poi/trunk/src/examples/src/org/apache/poi/hsmf/examples/">HSMF examples area</link> 
             of SVN. You may also wish to look at the unit tests for more use guides.</p>

            <note> 
                This code currently lives the 
                <link href="http://svn.apache.org/viewcvs.cgi/poi/trunk/src/scratchpad/">scratchpad area</link> 
                of the POI SVN repository. 
                Ensure that you have the scratchpad jar or the scratchpad 
                build area in your classpath before experimenting with this code.
			</note>
        </section>
    </body>
</document>
